feature,artist,min,LF,UF,max,out.of.range,unusual,description
overall_loudness,All Get Out,-14.2730407715,-16.352985441792498,-1.3434301018125012,-6.1270198822,FALSE,FALSE,Within Range
overall_loudness,Manchester Orchestra,-24.3416633606,-20.21573162074,-0.8035078048999997,-6.2572479248,FALSE,FALSE,Within Range
overall_loudness,The Front Bottoms,-11.0341930389,-9.652404308314999,-5.865993022915,-5.70879554749,FALSE,TRUE,Outlying
spectral_energy,All Get Out,0.016470964998,0.011693669250150003,0.04449108219714999,0.0455353371799,FALSE,FALSE,Within Range
spectral_energy,Manchester Orchestra,0.00962408259511,-0.0032336022705500046,0.060620838776250005,0.0518325716257,FALSE,FALSE,Within Range
spectral_energy,The Front Bottoms,0.0217795856297,0.022122034802999995,0.05409809388220001,0.0506899133325,FALSE,FALSE,Within Range
danceability,All Get Out,0.843913197517,0.7652322575431253,1.3246903345021246,1.30302810669,FALSE,FALSE,Within Range
danceability,Manchester Orchestra,0.776896297932,0.6482966542224999,1.3906076550505002,1.40347576141,FALSE,FALSE,Within Range
danceability,The Front Bottoms,0.91287279129,0.8647371530399999,1.36527884008,1.33414626122,TRUE,FALSE,Out of Range
tempo,All Get Out,84.9143676758,95.28631114962502,167.91870403262493,162.923934937,FALSE,FALSE,Within Range
tempo,Manchester Orchestra,67.1476821899,71.175098419,190.00856399500003,184.570068359,FALSE,FALSE,Within Range
tempo,The Front Bottoms,80.829574585,82.991916656,181.74213027999997,165.668838501,FALSE,FALSE,Within Range
duration,All Get Out,163.5,134.56537056037502,303.183916091375,377.867034912,FALSE,FALSE,Within Range
duration,Manchester Orchestra,102.42666626,79.14665985050001,401.17333221449996,434.359985352,FALSE,FALSE,Within Range
duration,The Front Bottoms,108.486778259,127.14418792549999,302.2619247455,297.346679688,FALSE,FALSE,Within Range
zerocrossingrate,All Get Out,0.036983910948,0.022986614145312504,0.10095523390921249,0.0840472429991,FALSE,FALSE,Within Range
zerocrossingrate,Manchester Orchestra,0.0206635873765,0.0020241476594499985,0.08952239528305,0.0889744311571,FALSE,FALSE,Within Range
zerocrossingrate,The Front Bottoms,0.04312479496,0.03917196393019999,0.0866972506046,0.106284059584,TRUE,TRUE,Out of Range
spectral_strongpeak,All Get Out,0.42788168788,0.25921680033237526,1.3140906244513748,1.28797268867,FALSE,FALSE,Within Range
spectral_strongpeak,Manchester Orchestra,0.424390226603,0.11332839727400018,1.3845133185379999,1.34550380707,FALSE,FALSE,Within Range
spectral_strongpeak,The Front Bottoms,0.518905520439,0.3791518807430001,1.1931520104389999,1.36069560051,FALSE,FALSE,Within Range
spectral_spread,All Get Out,2620015.25,3162397.09375,5331044.34375,4758639.5,TRUE,FALSE,Out of Range
spectral_spread,Manchester Orchestra,1937052.25,1668651,5866747,5845988.5,FALSE,FALSE,Within Range
spectral_spread,The Front Bottoms,3510343.75,3538674.5,6165566.5,5888673,FALSE,FALSE,Within Range
spectral_skewness,All Get Out,1.13602507114,0.8070780038799996,2.4173058271400003,4.12035322189,FALSE,TRUE,Outlying
spectral_skewness,Manchester Orchestra,1.16037845612,-0.4898808002499997,5.094513654709999,6.74691963196,FALSE,FALSE,Within Range
spectral_skewness,The Front Bottoms,0.873631238937,0.6345764398499999,2.39939844609,2.04340100288,TRUE,TRUE,Out of Range
spectral_rolloff,All Get Out,935.909057617,701.9130401650008,2767.301834104999,2520.04125977,TRUE,TRUE,Out of Range
spectral_rolloff,Manchester Orchestra,518.867919922,151.26593017000005,2083.169738778,2566.66723633,FALSE,FALSE,Within Range
spectral_rolloff,The Front Bottoms,927.041259766,740.5761718800004,2421.4550781199996,3190.28588867,TRUE,TRUE,Out of Range
spectral_rms,All Get Out,0.00317969406024,0.00310101528884,0.006518350273839999,0.00628577405587,FALSE,FALSE,Within Range
spectral_rms,Manchester Orchestra,0.0019821007736,0.0017641184386,0.00780975236556,0.00676948437467,FALSE,FALSE,Within Range
spectral_rms,The Front Bottoms,0.00396269606426,0.004077841760594999,0.007284431951115,0.00663769571111,FALSE,FALSE,Within Range
spectral_kurtosis,All Get Out,3.02692317963,-0.36353129148874785,11.89979201556125,40.100025177,FALSE,TRUE,Outlying
spectral_kurtosis,Manchester Orchestra,3.36056804657,-13.575888872074998,39.361613035085,98.5811462402,FALSE,FALSE,Within Range
spectral_kurtosis,The Front Bottoms,1.89431679249,5.638599400001887e-4,9.545613527299999,10.4703330994,TRUE,TRUE,Out of Range
spectral_flux,All Get Out,0.0379043705761,0.0457754116505625,0.11378501169386249,0.102614097297,FALSE,FALSE,Within Range
spectral_flux,Manchester Orchestra,0.0240495931357,0.007807893678450008,0.13147473149004998,0.105833612382,FALSE,FALSE,Within Range
spectral_flux,The Front Bottoms,0.0653136074543,0.06438436731750002,0.12185388430869998,0.11561139673,FALSE,FALSE,Within Range
spectral_entropy,All Get Out,6.43918323517,7.001462340366249,8.21080720423625,7.90557861328,FALSE,TRUE,Outlying
spectral_entropy,Manchester Orchestra,5.78891563416,5.217238903034999,8.894668102275002,7.8917722702,FALSE,FALSE,Within Range
spectral_entropy,The Front Bottoms,7.11223840714,7.0977056026600005,8.09528517722,8.01542949677,TRUE,TRUE,Out of Range
spectral_energyband_middle_low,All Get Out,0.00740207638592,0.002992136287474998,0.018793783034235,0.016236782074,FALSE,FALSE,Within Range
spectral_energyband_middle_low,Manchester Orchestra,0.00483011268079,0.0012714597396249992,0.022513575386305003,0.0229709409177,FALSE,FALSE,Within Range
spectral_energyband_middle_low,The Front Bottoms,0.0057830484584,4.5042298735000104e-4,0.02608404122295,0.0230633094907,FALSE,FALSE,Within Range
spectral_energyband_middle_high,All Get Out,0.00305313011631,0.0031531204003775,0.0097797124180975,0.00932195037603,TRUE,TRUE,Out of Range
spectral_energyband_middle_high,Manchester Orchestra,5.62088622246e-4,-0.0013243639841599994,0.01080974470824,0.00898000784218,FALSE,FALSE,Within Range
spectral_energyband_middle_high,The Front Bottoms,0.00383267272264,0.0029422489460599996,0.00927185057662,0.00986930914223,TRUE,TRUE,Out of Range
spectral_energyband_low,All Get Out,1.56769965542e-4,0.0030104065080812526,0.018408395699271246,0.0273350160569,FALSE,FALSE,Within Range
spectral_energyband_low,Manchester Orchestra,1.17135175969e-4,-0.013844035333075001,0.038089169422245,0.0362915582955,FALSE,FALSE,Within Range
spectral_energyband_low,The Front Bottoms,0.00837745517492,0.005199338775150003,0.03214238537475,0.0312695614994,FALSE,FALSE,Within Range
spectral_energyband_high,All Get Out,9.07139037736e-5,-2.4151294929187475e-4,0.0020209004942511244,0.0014224894112,FALSE,FALSE,Within Range
spectral_energyband_high,Manchester Orchestra,1.9030585463e-5,-7.518476704709999e-4,0.001802214210329,0.00186748872511,FALSE,FALSE,Within Range
spectral_energyband_high,The Front Bottoms,4.41299140221e-4,1.7249560914749996e-4,0.0022498450707675,0.00289169047028,FALSE,FALSE,Within Range
spectral_decrease,All Get Out,-1.16662191019e-8,-1.1142019917810002e-8,-2.576712787589999e-9,-4.0900705045e-9,FALSE,FALSE,Within Range
spectral_decrease,Manchester Orchestra,-1.33347786146e-8,-1.5376616868695004e-8,9.824536739850018e-10,-2.39255215639e-9,FALSE,FALSE,Within Range
spectral_decrease,The Front Bottoms,-1.2806134819200001e-08,-1.3821257915879998e-8,-5.074121567400001e-9,-5.23909493566e-9,FALSE,FALSE,Within Range
spectral_complexity,All Get Out,10.9786834717,10.301604986162504,36.5508096218625,33.2580451965,TRUE,TRUE,Out of Range
spectral_complexity,Manchester Orchestra,3.67030739784,-3.523820400249999,39.097940921749995,30.5031356812,FALSE,FALSE,Within Range
spectral_complexity,The Front Bottoms,11.9183702469,14.804765701249998,27.86903572085,28.5667858124,TRUE,TRUE,Out of Range
spectral_centroid,All Get Out,836.20715332,419.53572083624965,2569.3651885862505,1967.61682129,TRUE,FALSE,Out of Range
spectral_centroid,Manchester Orchestra,418.644165039,-231.76016235749978,2322.2986755425,2106.83129883,FALSE,FALSE,Within Range
spectral_centroid,The Front Bottoms,924.401367188,584.6712036099999,2298.02716065,2412.484375,TRUE,FALSE,Out of Range
silence_rate_60dB,All Get Out,0.0153420232236,-0.07441805955018746,0.25797975156451247,0.335975408554,FALSE,FALSE,Within Range
silence_rate_60dB,Manchester Orchestra,0.0101030115038,-0.15483122505275002,0.39673026464925,0.661128938198,FALSE,FALSE,Within Range
silence_rate_60dB,The Front Bottoms,0.0089515382424,-0.040289211086900006,0.1443848656491,0.203788429499,FALSE,TRUE,Outlying
silence_rate_30dB,All Get Out,0.957043528557,0.993385113776875,1.003968931733875,1,FALSE,FALSE,Within Range
silence_rate_30dB,Manchester Orchestra,0.892023265362,0.9531440138810001,1.0279173254969998,1,FALSE,FALSE,Within Range
silence_rate_30dB,The Front Bottoms,0.935855090618,0.9482096731674999,1.0273262560354999,1,FALSE,FALSE,Within Range
silence_rate_20dB,All Get Out,1,1,1,1,FALSE,FALSE,Within Range
silence_rate_20dB,Manchester Orchestra,0.996236145496,1,1,1,FALSE,FALSE,Within Range
silence_rate_20dB,The Front Bottoms,1,1,1,1,FALSE,FALSE,Within Range
pitch_salience,All Get Out,0.482898771763,0.47008696198425015,0.6366105377682499,0.612852752209,FALSE,FALSE,Within Range
pitch_salience,Manchester Orchestra,0.369207113981,0.4245289862170001,0.6450578272329999,0.613485217094,FALSE,FALSE,Within Range
pitch_salience,The Front Bottoms,0.418056994677,0.384364247323,0.641532063483,0.59188169241,FALSE,FALSE,Within Range
melbands_spread,All Get Out,12.1103105545,6.8070461750499955,46.31613469125001,38.9212341309,TRUE,FALSE,Out of Range
melbands_spread,Manchester Orchestra,4.95815515518,-4.19539785385,40.23500299455,39.4461860657,FALSE,FALSE,Within Range
melbands_spread,The Front Bottoms,14.9669589996,10.688340187099994,35.75003910070001,45.6108474731,TRUE,TRUE,Out of Range
melbands_skewness,All Get Out,1.58133244514,1.37421852351,3.6104603409699996,3.9068672657,FALSE,TRUE,Outlying
melbands_skewness,Manchester Orchestra,1.60286509991,1.2582231759950002,4.346423745155,5.01490688324,FALSE,FALSE,Within Range
melbands_skewness,The Front Bottoms,1.99788236618,1.9009102583000002,4.440198779099999,4.2659702301,FALSE,FALSE,Within Range
melbands_kurtosis,All Get Out,4.67259311676,-2.748116254868753,28.768086671921253,33.7888832092,TRUE,TRUE,Out of Range
melbands_kurtosis,Manchester Orchestra,6.65489339828,-3.694663047750005,39.15878391265001,60.8496665955,FALSE,TRUE,Outlying
melbands_kurtosis,The Front Bottoms,6.67332267761,1.3017578125499991,39.069000244150004,569.309814453,FALSE,TRUE,Outlying
melbands_flatness_db,All Get Out,0.135898038745,0.08318012394087504,0.30947593785787497,0.325919121504,TRUE,TRUE,Out of Range
melbands_flatness_db,Manchester Orchestra,0.137924492359,0.028480671345500003,0.5125124081975,0.451513230801,FALSE,FALSE,Within Range
melbands_flatness_db,The Front Bottoms,0.147953659296,0.14723350107650002,0.2733661085365,0.256404489279,TRUE,TRUE,Out of Range
melbands_crest,All Get Out,11.1353931427,11.314049601562498,16.915656924262503,17.179725647,FALSE,FALSE,Within Range
melbands_crest,Manchester Orchestra,11.804186821,9.779361248099999,20.6300730705,22.1097335815,FALSE,FALSE,Within Range
melbands_crest,The Front Bottoms,11.9126529694,10.175295352949998,20.30044412615,19.2606964111,FALSE,FALSE,Within Range
loudness_ebu128_short_term,All Get Out,-17.5582427979,-19.351896047688754,-0.9481046199187473,-6.60537338257,FALSE,FALSE,Within Range
loudness_ebu128_short_term,Manchester Orchestra,-26.817937851,-25.733573913605,0.792617797874998,-6.59925127029,FALSE,FALSE,Within Range
loudness_ebu128_short_term,The Front Bottoms,-12.7925567627,-11.27862262725,-5.9370622634900005,-6.48213243484,TRUE,TRUE,Out of Range
loudness_ebu128_momentary,All Get Out,-18.3044204712,-20.140730142629998,-1.7161676883499988,-6.98175144196,FALSE,FALSE,Within Range
loudness_ebu128_momentary,Manchester Orchestra,-28.7853527069,-29.316084384905004,2.1847510337750027,-7.12246084213,FALSE,FALSE,Within Range
loudness_ebu128_momentary,The Front Bottoms,-13.9886875153,-13.366448879224999,-5.542401790625002,-6.73465442657,TRUE,TRUE,Out of Range
loudness_ebu128_loudness_range,All Get Out,2.21633625031,-2.0461272001237507,16.361874699586252,16.3731803894,FALSE,FALSE,Within Range
loudness_ebu128_loudness_range,Manchester Orchestra,2.63436317444,-4.737565279074998,21.996819257844997,22.8790397644,FALSE,FALSE,Within Range
loudness_ebu128_loudness_range,The Front Bottoms,1.54096269608,-2.112534046165,11.509570598595001,11.3696079254,TRUE,FALSE,Out of Range
hfc,All Get Out,11.400636673,6.8197004794875,37.7243044375875,31.9640026093,FALSE,FALSE,Within Range
hfc,Manchester Orchestra,5.37967014313,-1.8993620871999983,36.185991764,31.415391922,FALSE,FALSE,Within Range
hfc,The Front Bottoms,17.0864086151,14.626332283,35.8536958694,38.2548599243,TRUE,TRUE,Out of Range
erbbands_spread,All Get Out,17.9357471466,25.777881145362493,50.00976514826251,44.6661911011,FALSE,FALSE,Within Range
erbbands_spread,Manchester Orchestra,16.0857944489,4.889659881599993,59.67759323120001,62.5327262878,FALSE,FALSE,Within Range
erbbands_spread,The Front Bottoms,30.337146759,30.91428184499999,56.975423813000006,53.5220375061,FALSE,FALSE,Within Range
erbbands_skewness,All Get Out,-0.434698283672,-0.8111475016925,1.0334753934295,0.83578056097,TRUE,TRUE,Out of Range
erbbands_skewness,Manchester Orchestra,-0.330092012882,-0.8592926263815,1.7788995504385001,1.6736959219,FALSE,FALSE,Within Range
erbbands_skewness,The Front Bottoms,-0.701558887959,-0.667590502649,0.864834573119,0.797529101372,TRUE,TRUE,Out of Range
erbbands_kurtosis,All Get Out,-0.265074491501,-1.02663015946725,1.92322382703395,2.82641458511,TRUE,TRUE,Out of Range
erbbands_kurtosis,Manchester Orchestra,-0.0982730835676,-2.1856111287999997,5.078818917264,8.78102302551,FALSE,TRUE,Outlying
erbbands_kurtosis,The Front Bottoms,-0.18029999733,-0.928310565651,2.120085246861,6.21942281723,TRUE,TRUE,Out of Range
erbbands_flatness_db,All Get Out,0.130642801523,0.11543910764124998,0.19222984276724997,0.281939983368,FALSE,TRUE,Outlying
erbbands_flatness_db,Manchester Orchestra,0.122596643865,0.06312090903350001,0.30356944352549997,0.305950015783,FALSE,FALSE,Within Range
erbbands_flatness_db,The Front Bottoms,0.121074952185,0.1158779785045,0.17853420227649996,0.185928940773,TRUE,TRUE,Out of Range
dynamic_complexity,All Get Out,2.02467513084,-0.4024951756099999,8.19452330471,7.95724439621,FALSE,FALSE,Within Range
dynamic_complexity,Manchester Orchestra,1.96192359924,-0.8998186588150001,10.336316823945001,13.2050952911,FALSE,FALSE,Within Range
dynamic_complexity,The Front Bottoms,1.63315093517,1.0031341314400002,5.26130616664,6.5027141571,FALSE,TRUE,Outlying
dissonance,All Get Out,0.396982818842,0.4362380839880001,0.49937272444399994,0.480492979288,FALSE,TRUE,Outlying
dissonance,Manchester Orchestra,0.365194410086,0.36408309638549996,0.5262402743095,0.480991095304,FALSE,FALSE,Within Range
dissonance,The Front Bottoms,0.432063788176,0.441626802087,0.487829580903,0.482941865921,TRUE,TRUE,Out of Range
barkbands_spread,All Get Out,8.65230083466,9.250622987699996,40.512553453500004,34.6314277649,FALSE,FALSE,Within Range
barkbands_spread,Manchester Orchestra,5.70304107666,-7.0097150802999995,41.200543403699996,36.5107192993,FALSE,FALSE,Within Range
barkbands_spread,The Front Bottoms,16.5248584747,11.086055755599997,38.33543014520001,44.7359542847,TRUE,TRUE,Out of Range
barkbands_skewness,All Get Out,0.71010154485700006,0.5175292044899998,2.1552358418699997,2.55099225044,TRUE,TRUE,Out of Range
barkbands_skewness,Manchester Orchestra,0.835669994354,0.3961268663350004,3.2019234895749995,4.19446372986,FALSE,FALSE,Within Range
barkbands_skewness,The Front Bottoms,0.745804548264,1.03211659194,2.4082481264999998,2.40908789635,TRUE,TRUE,Out of Range
barkbands_kurtosis,All Get Out,0.617540478706,-2.6464365720737493,11.38405716419625,17.6760120392,TRUE,TRUE,Out of Range
barkbands_kurtosis,Manchester Orchestra,0.220867827535,-9.460241794649999,28.87020635615,43.711517334,FALSE,FALSE,Within Range
barkbands_kurtosis,The Front Bottoms,1.14310264587,-3.575279951085,17.151608705515002,23.8971691132,TRUE,TRUE,Out of Range
barkbands_flatness_db,All Get Out,0.0835188701749,0.05833316594349997,0.20209652930550004,0.249889358878,FALSE,TRUE,Outlying
barkbands_flatness_db,Manchester Orchestra,0.0902328193188,0.020922265946499985,0.35621037334250005,0.335988044739,FALSE,FALSE,Within Range
barkbands_flatness_db,The Front Bottoms,0.0953515022993,0.09899638593150002,0.18259726464749998,0.191619604826,TRUE,TRUE,Out of Range
barkbands_crest,All Get Out,7.01232099533,6.935364246367498,11.807337284087502,13.4127187729,FALSE,FALSE,Within Range
barkbands_crest,Manchester Orchestra,8.57054424286,6.7501516342,15.02971553804,15.6588315964,FALSE,FALSE,Within Range
barkbands_crest,The Front Bottoms,8.11133861542,7.7973189354249985,13.433347225145,12.9901924133,FALSE,FALSE,Within Range
average_loudness,All Get Out,0.15663202107,0.6983871012931251,1.0986194163561251,0.969071567059,FALSE,TRUE,Outlying
average_loudness,Manchester Orchestra,0.00231060013175,0.011377990244499925,1.4635993838325,0.969001412392,FALSE,FALSE,Within Range
average_loudness,The Front Bottoms,0.545008778572,0.8500483930099999,1.017420858146,0.977469146252,FALSE,TRUE,Outlying
beats_count,All Get Out,280,232,712,772,FALSE,FALSE,Within Range
beats_count,Manchester Orchestra,163,221,797,849,FALSE,FALSE,Within Range
beats_count,The Front Bottoms,180,192.5,756.5,742,FALSE,FALSE,Within Range
beats_loudness,All Get Out,0.0210611540824,0.01820656098427502,0.055924938991674986,0.0585916265845,FALSE,FALSE,Within Range
beats_loudness,Manchester Orchestra,0.0123256882653,0.005078636109949998,0.06762354820955,0.0775790438056,FALSE,FALSE,Within Range
beats_loudness,The Front Bottoms,0.0287638884038,0.020937373861650007,0.08216927014285,0.0829901695251,FALSE,FALSE,Within Range
bpm_histogram_first_peak_bpm,All Get Out,85,97.5,165.5,161,FALSE,FALSE,Within Range
bpm_histogram_first_peak_bpm,Manchester Orchestra,67,71.5,187.5,185,FALSE,FALSE,Within Range
bpm_histogram_first_peak_bpm,The Front Bottoms,81,84,180,167,FALSE,FALSE,Within Range
bpm_histogram_first_peak_weight,All Get Out,0.0285714268684,0.048729114234250054,0.6132119819522499,0.575581431389,FALSE,FALSE,Within Range
bpm_histogram_first_peak_weight,Manchester Orchestra,0,-0.09612250328049998,0.8388183116915,0.713513493538,FALSE,FALSE,Within Range
bpm_histogram_first_peak_weight,The Front Bottoms,0,-0.07125088572600002,0.817164212466,0.6213991642,FALSE,FALSE,Within Range
bpm_histogram_second_peak_bpm,All Get Out,92,87,175,172,FALSE,FALSE,Within Range
bpm_histogram_second_peak_bpm,Manchester Orchestra,0,70.5,194.5,178,FALSE,FALSE,Within Range
bpm_histogram_second_peak_bpm,The Front Bottoms,77,64.5,204.5,178,FALSE,FALSE,Within Range
bpm_histogram_second_peak_spread,All Get Out,0,-0.3023503944277499,0.8556959107522499,0.611111104488,FALSE,FALSE,Within Range
bpm_histogram_second_peak_spread,Manchester Orchestra,0,-0.625,1.125,0.675000071526,FALSE,FALSE,Within Range
bpm_histogram_second_peak_spread,The Front Bottoms,0,-0.515625,0.859375,0.638297915459,FALSE,FALSE,Within Range
bpm_histogram_second_peak_weight,All Get Out,0.00609756074846,-0.048921726644012495,0.13056413084268748,0.316890895367,FALSE,FALSE,Within Range
bpm_histogram_second_peak_weight,Manchester Orchestra,0,-0.13123558741074998,0.27912086714084994,0.453760772943,FALSE,FALSE,Within Range
bpm_histogram_second_peak_weight,The Front Bottoms,0.00399201596156,-0.11670907959350002,0.24189246073370002,0.443217664957,FALSE,FALSE,Within Range
onset_rate,All Get Out,1.65749394894,1.725844591855,3.584770649675,4.0527973175,FALSE,FALSE,Within Range
onset_rate,Manchester Orchestra,1.0812305212,0.42530655860999955,4.791729211810001,4.62492418289,FALSE,FALSE,Within Range
onset_rate,The Front Bottoms,2.62517237663,2.2777315378100003,5.340703606609999,4.72325468063,TRUE,TRUE,Out of Range
tuning_nontempered_energy_ratio,All Get Out,0.609923481941,0.2610827535390001,1.3491949886089998,0.975588440895,FALSE,FALSE,Within Range
tuning_nontempered_energy_ratio,Manchester Orchestra,0.602895140648,0.44012901187050013,1.0376386344425,0.976597368717,FALSE,FALSE,Within Range
tuning_nontempered_energy_ratio,The Front Bottoms,0.637160420418,0.3112211823474999,1.3172822594635,0.96653419733,FALSE,FALSE,Within Range
tuning_frequency,All Get Out,434.193115234,423.95610046300004,451.25480651899994,443.060424805,FALSE,FALSE,Within Range
tuning_frequency,Manchester Orchestra,434.193115234,432.13778686549995,446.34579467749995,443.572570801,FALSE,FALSE,Within Range
tuning_frequency,The Front Bottoms,434.193115234,425.10142517049997,449.3459320065,456.04309082,FALSE,FALSE,Within Range
tuning_equal_tempered_deviation,All Get Out,0.00268451031297,-0.25020156591225,0.46684742742255003,0.290387243032,FALSE,FALSE,Within Range
tuning_equal_tempered_deviation,Manchester Orchestra,0.0033546378836,-0.11903394944899999,0.2865354400118,0.267783612013,FALSE,FALSE,Within Range
tuning_equal_tempered_deviation,The Front Bottoms,0.00841389596462,-0.2673327149825,0.5252253068615,0.35401237011,FALSE,FALSE,Within Range
tuning_diatonic_strength,All Get Out,0.496312916279,0.43938532471725006,0.7971962988372501,0.740254163742,FALSE,FALSE,Within Range
tuning_diatonic_strength,Manchester Orchestra,0.441575139761,0.44757479429349983,0.7547594904895001,0.705719232559,FALSE,FALSE,Within Range
tuning_diatonic_strength,The Front Bottoms,0.509873509407,0.5049725770955,0.8077961206435,0.731336116791,FALSE,FALSE,Within Range
hpcp_entropy,All Get Out,1.57173061371,1.7201011925999996,2.3473259955600003,2.24090456963,FALSE,FALSE,Within Range
hpcp_entropy,Manchester Orchestra,1.24189674854,1.3096250891649999,2.449661195285,2.17806196213,FALSE,FALSE,Within Range
hpcp_entropy,The Front Bottoms,1.73210334778,1.6403470635350001,2.357219755655,2.27260184288,FALSE,FALSE,Within Range
hpcp_crest,All Get Out,12.4139871597,11.040133714624996,15.975922823025005,17.4712200165,FALSE,FALSE,Within Range
hpcp_crest,Manchester Orchestra,12.4618787766,10.45679664615,18.44305610655,20.6618213654,FALSE,FALSE,Within Range
hpcp_crest,The Front Bottoms,11.8826761246,11.247810363800001,15.723571777399998,16.3069324493,FALSE,FALSE,Within Range
chords_strength,All Get Out,0.468893408775,0.46559043228525016,0.5752617865812499,0.588355660439,FALSE,TRUE,Outlying
chords_strength,Manchester Orchestra,0.482837587595,0.44895303249400015,0.6276859045019998,0.620255112648,FALSE,FALSE,Within Range
chords_strength,The Front Bottoms,0.477276712656,0.45639869570700003,0.5756730735310001,0.566394746304,TRUE,TRUE,Out of Range
chords_number_rate,All Get Out,0.00115096871741,6.607865943799999e-4,0.00345156535332,0.0036712794099,FALSE,FALSE,Within Range
chords_number_rate,Manchester Orchestra,7.48262973502e-4,3.755115902999992e-5,0.00368331768551,0.00498414132744,FALSE,FALSE,Within Range
chords_number_rate,The Front Bottoms,0.00139977608342,5.983532173650004e-4,0.004143802332685,0.00455753877759,FALSE,FALSE,Within Range
chords_changes_rate,All Get Out,0.0219119228423,0.02531882468607499,0.08082054648547501,0.0860144421458,FALSE,FALSE,Within Range
chords_changes_rate,Manchester Orchestra,0.0223509930074,0.016778510063900007,0.0741634778679,0.0721295401454,FALSE,FALSE,Within Range
chords_changes_rate,The Front Bottoms,0.0344478227198,0.0296962708236,0.088286563754,0.0838517025113,FALSE,FALSE,Within Range
approachability,All Get Out,-9.678598e-4,-0.009277585624999973,0.11795132737499997,0.14350879,FALSE,FALSE,Within Range
approachability,Manchester Orchestra,-0.0044495934,-0.05278077999999999,0.23949858,0.2351666,FALSE,FALSE,Within Range
approachability,The Front Bottoms,-0.016932858,0.010555719999999984,0.17715572000000002,0.28955665,FALSE,FALSE,Within Range
engagement,All Get Out,0.27381968,0.24312424500000004,0.536338485,0.6653815,FALSE,TRUE,Outlying
engagement,Manchester Orchestra,0.18881226,0.111262695,0.6701550549999999,0.7144117,FALSE,FALSE,Within Range
engagement,The Front Bottoms,0.13806485,0.19409023499999997,0.652804355,0.6576917,FALSE,FALSE,Within Range
valence,All Get Out,3.9010249,3.966275883333334,4.83922575,4.697101666666666,FALSE,FALSE,Within Range
valence,Manchester Orchestra,3.7054885,3.579586150000001,4.965753216666666,4.6476009,FALSE,FALSE,Within Range
valence,The Front Bottoms,4.123668533333333,4.183203766666667,4.8131699,4.7954602,TRUE,TRUE,Out of Range
arousal,All Get Out,3.804857933333333,3.7562538708333335,4.6807952375,4.452255466666666,FALSE,FALSE,Within Range
arousal,Manchester Orchestra,3.6464782,3.529891133333332,4.552868466666667,4.447084133333333,FALSE,FALSE,Within Range
arousal,The Front Bottoms,3.878224833333333,3.9821808500000007,4.417953783333333,4.4429674,FALSE,FALSE,Within Range
model_danceability,All Get Out,0.30937332,0.5210545075000002,0.9011453074999998,0.87926872,FALSE,FALSE,Within Range
model_danceability,Manchester Orchestra,0.0439175785,-0.08831955999999996,1.22787216,0.8831308250000001,FALSE,FALSE,Within Range
model_danceability,The Front Bottoms,0.284677135,0.40431443999999983,0.9926927600000002,0.869214435,FALSE,FALSE,Within Range
aggressive,All Get Out,0.122020005,0.19086407125,0.8355180012500001,0.68425165,FALSE,FALSE,Within Range
aggressive,Manchester Orchestra,0.033688565149999995,-0.2851644175,1.0290205225,0.7375748,FALSE,FALSE,Within Range
aggressive,The Front Bottoms,0.1408212025,0.23569470999999997,0.67371731,0.66757998,FALSE,FALSE,Within Range
happy,All Get Out,0.00366313275,-3.685347687499988e-4,0.015439386781249998,0.01261481,FALSE,FALSE,Within Range
happy,Manchester Orchestra,0.0043731837,1.0426162499997844e-5,0.016900929422500002,0.0194891952,FALSE,FALSE,Within Range
happy,The Front Bottoms,0.0036083293,-0.009006244250000002,0.04371001775,0.0647530125,FALSE,FALSE,Within Range
party,All Get Out,0.94083725,0.9465849468749999,1.008890781875,0.994506785,FALSE,FALSE,Within Range
party,Manchester Orchestra,0.8823112,0.9509517999999999,1.0129462,0.997243665,FALSE,FALSE,Within Range
party,The Front Bottoms,0.926644715,0.9355488875000001,1.0127809874999998,0.992359025,FALSE,FALSE,Within Range
relax,All Get Out,0.028585181,-0.08047318875000001,0.57004547125,0.439264685,FALSE,FALSE,Within Range
relax,Manchester Orchestra,0.01362312085,-0.22766909325,0.5076314159499999,0.41066252,FALSE,FALSE,Within Range
relax,The Front Bottoms,0.104129808,0.15687475000000003,0.56314971,0.4709058,FALSE,FALSE,Within Range
sad,All Get Out,0.40422835,0.5644207937500003,0.9032691737499998,0.87066355,FALSE,FALSE,Within Range
sad,Manchester Orchestra,0.12675545,0.2450176449999999,1.087647285,0.85532073,FALSE,FALSE,Within Range
sad,The Front Bottoms,0.307300735,0.5019356649999999,0.950251225,0.86267525,FALSE,FALSE,Within Range
acoustic,All Get Out,0.0302022,-0.015821376000000012,0.21436871000000002,0.36489758,FALSE,FALSE,Within Range
acoustic,Manchester Orchestra,0.0296764282,-0.11419154424999996,0.43161626574999995,0.78411522,FALSE,FALSE,Within Range
acoustic,The Front Bottoms,0.024947537,-0.06921969875000002,0.33244493125,0.607249425,FALSE,FALSE,Within Range
electronic,All Get Out,0.5794137500000001,0.7795385124999997,0.9601074625000002,0.94872098,FALSE,FALSE,Within Range
electronic,Manchester Orchestra,0.257243095,0.4527075675000003,1.1696983874999998,0.95257635,FALSE,FALSE,Within Range
electronic,The Front Bottoms,0.49021682,0.7039563874999999,0.9997730075,0.9400428,FALSE,FALSE,Within Range
instrumental,All Get Out,0.098989435,0.04792813750000002,0.3452272475,0.35617967,FALSE,FALSE,Within Range
instrumental,Manchester Orchestra,0.087254848,0.03484411499999995,0.38940727500000005,0.346599115,FALSE,FALSE,Within Range
instrumental,The Front Bottoms,0.077112595,0.027998537499999948,0.5527428775000001,0.619545875,FALSE,FALSE,Within Range
timbreBright,All Get Out,0.44023708,0.43349932625,0.48759275625,0.4729743,FALSE,FALSE,Within Range
timbreBright,Manchester Orchestra,0.4449076,0.44169513,0.48582177,0.4836696,FALSE,FALSE,Within Range
timbreBright,The Front Bottoms,0.4373234,0.4244818,0.488101,0.47134325,FALSE,FALSE,Within Range
WC,All Get Out,110,-9.25,510.75,933,FALSE,FALSE,Within Range
WC,Manchester Orchestra,88,21,405,400,FALSE,FALSE,Within Range
WC,The Front Bottoms,132,91,507,564,FALSE,FALSE,Within Range
Analytic,All Get Out,1,-35.00375,65.54624999999999,85.25,FALSE,TRUE,Outlying
Analytic,Manchester Orchestra,1,-19.455000000000002,40.265,78.96,FALSE,TRUE,Outlying
Analytic,The Front Bottoms,1,-26.165,52.275,57.73,TRUE,TRUE,Out of Range
Clout,All Get Out,1,-91.72875,176.64125,99,FALSE,FALSE,Within Range
Clout,Manchester Orchestra,1,-61.545000000000016,142.495,98.83,FALSE,FALSE,Within Range
Clout,The Front Bottoms,1,-83.31,164.29,96.93,FALSE,FALSE,Within Range
Authentic,All Get Out,13.33,69.10625000000002,116.93625,99,FALSE,TRUE,Outlying
Authentic,Manchester Orchestra,14.81,47.06500000000001,127.34499999999998,99,FALSE,FALSE,Within Range
Authentic,The Front Bottoms,12.44,46.974999999999994,129.335,99,FALSE,FALSE,Within Range
Tone,All Get Out,1,-44.84500000000001,110.03500000000003,99,FALSE,FALSE,Within Range
Tone,Manchester Orchestra,1,-37.4175,80.2825,99,FALSE,FALSE,Within Range
Tone,The Front Bottoms,1,-60.120000000000005,144.04000000000002,99,FALSE,FALSE,Within Range
WPS,All Get Out,16.13,-153.9375,445.5625,374,FALSE,FALSE,Within Range
WPS,Manchester Orchestra,21.83,-109.75,384.25,387,FALSE,FALSE,Within Range
WPS,The Front Bottoms,12.1,-165.825,443.495,413,FALSE,FALSE,Within Range
BigWords,All Get Out,2.5,0.30875000000000075,16.59875,14.01,FALSE,FALSE,Within Range
BigWords,Manchester Orchestra,2.45,-0.6500000000000004,17.990000000000002,25,FALSE,FALSE,Within Range
BigWords,The Front Bottoms,3.94,-0.6550000000000002,19.305,19.85,FALSE,FALSE,Within Range
Dic,All Get Out,84.24,85.38749999999999,103.3675,98.71,FALSE,FALSE,Within Range
Dic,Manchester Orchestra,88.36,85.57000000000001,103.33,99.22,FALSE,FALSE,Within Range
Dic,The Front Bottoms,85.41,86.435,102.63499999999999,99.6,FALSE,FALSE,Within Range
Linguistic,All Get Out,65.49,61.83374999999996,95.30375000000004,91.3,FALSE,FALSE,Within Range
Linguistic,Manchester Orchestra,69.94,66.315,95.47500000000002,90.38,FALSE,FALSE,Within Range
Linguistic,The Front Bottoms,64.77,67.410000000000025,91.089999999999975,93.45,FALSE,FALSE,Within Range
fnct,All Get Out,49.82,36.9125,82.0925,74.05,FALSE,FALSE,Within Range
fnct,Manchester Orchestra,54.41,52.559999999999995,74.24000000000001,77.88,FALSE,FALSE,Within Range
fnct,The Front Bottoms,45.56,49.28999999999999,74.49000000000001,73.5,FALSE,FALSE,Within Range
pronoun,All Get Out,11.72,7.2425000000000015,39.762499999999996,40.67,FALSE,FALSE,Within Range
pronoun,Manchester Orchestra,17.24,15.124999999999998,35.325,33.8,FALSE,FALSE,Within Range
pronoun,The Front Bottoms,13.33,11.790000000000004,34.19,37.23,FALSE,FALSE,Within Range
ppron,All Get Out,6.04,4.498750000000003,31.428749999999994,25.7,FALSE,FALSE,Within Range
ppron,Manchester Orchestra,8.7,8.000000000000004,29.039999999999996,28.17,FALSE,FALSE,Within Range
ppron,The Front Bottoms,9.23,8.96,26.08,31.69,FALSE,FALSE,Within Range
i,All Get Out,1.5,-3.295,22.665,18.73,FALSE,FALSE,Within Range
i,Manchester Orchestra,0.54,-0.04000000000000181,19.32,20.59,FALSE,FALSE,Within Range
i,The Front Bottoms,2.26,2.375,18.095,17.54,FALSE,FALSE,Within Range
we,All Get Out,0,-1.5862500000000002,2.6437500000000003,6.67,FALSE,FALSE,Within Range
we,Manchester Orchestra,0,-2.715,4.525,6.76,FALSE,FALSE,Within Range
we,The Front Bottoms,0,-2.04,3.4000000000000004,5,FALSE,FALSE,Within Range
you,All Get Out,0,-3.6462499999999993,15.063749999999999,15.33,FALSE,FALSE,Within Range
you,Manchester Orchestra,0.77,-2.3099999999999996,13.53,13.39,TRUE,FALSE,Out of Range
you,The Front Bottoms,0,-1.6150000000000002,11.385,11.2,FALSE,FALSE,Within Range
shehe,All Get Out,0,-0.32624999999999993,0.54375,2.96,FALSE,FALSE,Within Range
shehe,Manchester Orchestra,0,-1.17,1.95,9.95,FALSE,FALSE,Within Range
shehe,The Front Bottoms,0,-1.6350000000000002,2.7250000000000005,10.86,FALSE,FALSE,Within Range
they,All Get Out,0,-1.2562499999999999,2.09375,2.68,FALSE,FALSE,Within Range
they,Manchester Orchestra,0,-0.8699999999999999,1.4499999999999997,4.83,FALSE,FALSE,Within Range
they,The Front Bottoms,0,-1.59,2.6500000000000004,5.41,FALSE,FALSE,Within Range
ipron,All Get Out,2.55,-0.48249999999999726,13.297499999999996,16,FALSE,FALSE,Within Range
ipron,Manchester Orchestra,1.08,-0.7300000000000013,14.71,14.13,FALSE,FALSE,Within Range
ipron,The Front Bottoms,1.84,-0.08000000000000007,11.28,13.94,FALSE,FALSE,Within Range
det,All Get Out,6.38,7.491250000000002,18.581249999999997,30.77,FALSE,TRUE,Outlying
det,Manchester Orchestra,2.82,1.4300000000000015,25.11,20.97,TRUE,FALSE,Out of Range
det,The Front Bottoms,4.26,4.704999999999998,20.185000000000002,19.43,TRUE,TRUE,Out of Range
article,All Get Out,1.29,-0.37374999999999936,9.59625,8.97,FALSE,FALSE,Within Range
article,Manchester Orchestra,0.7,-0.4550000000000005,10.945,12.79,FALSE,FALSE,Within Range
article,The Front Bottoms,0,-0.5549999999999997,10.285,8.96,FALSE,FALSE,Within Range
number,All Get Out,0,-1.56,2.6,5.49,FALSE,FALSE,Within Range
number,Manchester Orchestra,0,-1.5150000000000001,2.5250000000000004,3.69,FALSE,FALSE,Within Range
number,The Front Bottoms,0,-1.125,1.875,3.76,FALSE,FALSE,Within Range
prep,All Get Out,5.96,5.778750000000004,15.708749999999997,17.58,TRUE,TRUE,Out of Range
prep,Manchester Orchestra,4.79,3.880000000000001,19.32,18.44,TRUE,TRUE,Out of Range
prep,The Front Bottoms,4,4.584999999999998,18.385,24.24,FALSE,TRUE,Outlying
auxverb,All Get Out,1.47,3.48125,18.91125,23.49,FALSE,FALSE,Within Range
auxverb,Manchester Orchestra,2.06,1.8149999999999995,20.095,21.43,FALSE,FALSE,Within Range
auxverb,The Front Bottoms,4.55,3.7650000000000015,19.244999999999997,21.86,FALSE,FALSE,Within Range
adverb,All Get Out,0.74,-1.72375,14.40625,14.45,FALSE,FALSE,Within Range
adverb,Manchester Orchestra,1.54,1.4099999999999993,12.370000000000001,23.08,FALSE,FALSE,Within Range
adverb,The Front Bottoms,2.2,-0.4299999999999997,13.649999999999999,17.35,FALSE,FALSE,Within Range
conj,All Get Out,0.91,-0.5087499999999996,9.76125,10.68,TRUE,FALSE,Out of Range
conj,Manchester Orchestra,0,0.7400000000000007,10.979999999999999,14.43,FALSE,TRUE,Outlying
conj,The Front Bottoms,0,-1.174999999999999,13.905,12.31,FALSE,FALSE,Within Range
negate,All Get Out,0,-2.745,8.995,13.04,FALSE,FALSE,Within Range
negate,Manchester Orchestra,0,-2.2449999999999997,9.235,11.4,FALSE,FALSE,Within Range
negate,The Front Bottoms,0,-2.7449999999999997,7.8549999999999995,12.89,FALSE,FALSE,Within Range
verb,All Get Out,11.54,15.056249999999997,31.786250000000003,41.81,FALSE,FALSE,Within Range
verb,Manchester Orchestra,13.85,11.689999999999998,36.81,39.72,FALSE,FALSE,Within Range
verb,The Front Bottoms,11.92,10.930000000000005,34.05,35.79,FALSE,FALSE,Within Range
adj,All Get Out,1.16,-2.212499999999999,13.787499999999998,14.78,FALSE,FALSE,Within Range
adj,Manchester Orchestra,0,-2.7249999999999996,10.995,18.27,FALSE,FALSE,Within Range
adj,The Front Bottoms,1.62,-2.6849999999999987,14.474999999999998,14.92,FALSE,FALSE,Within Range
quantity,All Get Out,0.55,-0.3087499999999985,8.261249999999999,20.33,FALSE,FALSE,Within Range
quantity,Manchester Orchestra,0,-2.245,7.555,8.65,FALSE,FALSE,Within Range
quantity,The Front Bottoms,0,-0.8250000000000006,7.215000000000001,13.33,FALSE,FALSE,Within Range
Drives,All Get Out,0,-1.9637499999999999,7.4662500000000005,11.48,FALSE,FALSE,Within Range
Drives,Manchester Orchestra,0,-1.395,7.445,8.68,FALSE,FALSE,Within Range
Drives,The Front Bottoms,0,-3.704999999999999,9.055,13.5,FALSE,FALSE,Within Range
affiliation,All Get Out,0,-1.5125,3.9875,10,FALSE,FALSE,Within Range
affiliation,Manchester Orchestra,0,-2.3299999999999996,5.27,7.92,FALSE,FALSE,Within Range
affiliation,The Front Bottoms,0,-3.4549999999999996,6.744999999999999,9,FALSE,FALSE,Within Range
achieve,All Get Out,0,-1.71,2.8499999999999996,3.33,FALSE,FALSE,Within Range
achieve,Manchester Orchestra,0,-2.19,3.65,3.85,FALSE,FALSE,Within Range
achieve,The Front Bottoms,0,-1.23,2.05,4.5,FALSE,FALSE,Within Range
power,All Get Out,0,-1.7399999999999998,2.8999999999999995,4.42,FALSE,FALSE,Within Range
power,Manchester Orchestra,0,-1.305,2.175,3.08,FALSE,FALSE,Within Range
power,The Front Bottoms,0,-1.065,1.775,3.07,FALSE,TRUE,Outlying
Cognition,All Get Out,9.49,3.3824999999999985,29.302500000000002,30.1,TRUE,FALSE,Out of Range
Cognition,Manchester Orchestra,4.12,-0.5649999999999995,33.635,28.91,FALSE,FALSE,Within Range
Cognition,The Front Bottoms,6.74,4.2049999999999965,26.645000000000003,27.95,FALSE,FALSE,Within Range
allnone,All Get Out,0,-1.645,8.795,9.02,FALSE,FALSE,Within Range
allnone,Manchester Orchestra,0,-3.2850000000000006,8.755,9.24,FALSE,FALSE,Within Range
allnone,The Front Bottoms,0,-2.0749999999999993,7.484999999999999,9.13,FALSE,FALSE,Within Range
cogproc,All Get Out,6.04,2.5562500000000012,22.06625,22.97,TRUE,FALSE,Out of Range
cogproc,Manchester Orchestra,4.12,3.2499999999999982,23.090000000000003,23.94,FALSE,FALSE,Within Range
cogproc,The Front Bottoms,4.62,2.775000000000002,21.935,26.38,FALSE,FALSE,Within Range
insight,All Get Out,0.75,-1.2237499999999994,7.766249999999999,14.71,FALSE,FALSE,Within Range
insight,Manchester Orchestra,0.48,-2.2350000000000003,9.405000000000001,8.51,FALSE,FALSE,Within Range
insight,The Front Bottoms,0,-2.9550000000000005,8.765,22.44,FALSE,FALSE,Within Range
cause,All Get Out,0,-1.29125,3.87875,4.39,FALSE,FALSE,Within Range
cause,Manchester Orchestra,0,-1.4299999999999997,4.17,5.68,FALSE,FALSE,Within Range
cause,The Front Bottoms,0,-1.1400000000000001,3.58,7.87,FALSE,FALSE,Within Range
discrep,All Get Out,0.4,-2.0224999999999995,7.5775,10,TRUE,FALSE,Out of Range
discrep,Manchester Orchestra,0,-2.2250000000000005,8.055,12.84,FALSE,FALSE,Within Range
discrep,The Front Bottoms,0,-0.3550000000000004,5.765000000000001,6.84,FALSE,FALSE,Within Range
tentat,All Get Out,0,-2.4699999999999998,6.6899999999999995,7.35,FALSE,FALSE,Within Range
tentat,Manchester Orchestra,0,-2.8649999999999993,7.094999999999999,8.65,FALSE,FALSE,Within Range
tentat,The Front Bottoms,0,-3.3500000000000005,7.930000000000001,8.87,FALSE,FALSE,Within Range
certitude,All Get Out,0,-1.1437499999999998,1.9062499999999998,2.7,FALSE,FALSE,Within Range
certitude,Manchester Orchestra,0,-1.6350000000000002,2.7250000000000005,5.77,FALSE,FALSE,Within Range
certitude,The Front Bottoms,0,-0.615,1.025,3.55,FALSE,FALSE,Within Range
differ,All Get Out,0,-1.6450000000000007,7.9350000000000005,9.46,FALSE,FALSE,Within Range
differ,Manchester Orchestra,0,-0.45500000000000007,6.305,7.57,FALSE,FALSE,Within Range
differ,The Front Bottoms,0,-1.56,7.32,9.62,FALSE,FALSE,Within Range
memory,All Get Out,0,0,0,0.93,FALSE,FALSE,Within Range
memory,Manchester Orchestra,0,0,0,1.73,FALSE,FALSE,Within Range
memory,The Front Bottoms,0,0,0,2.7,FALSE,FALSE,Within Range
Affect,All Get Out,1.17,0.5499999999999998,9.510000000000002,10.29,FALSE,FALSE,Within Range
Affect,Manchester Orchestra,0,-3.1799999999999993,11.459999999999999,9.94,FALSE,FALSE,Within Range
Affect,The Front Bottoms,1.06,-1.8299999999999996,13.129999999999999,19.42,FALSE,FALSE,Within Range
tone_pos,All Get Out,0,-1.9287500000000004,7.581250000000001,10.29,FALSE,FALSE,Within Range
tone_pos,Manchester Orchestra,0,-2.6199999999999997,6.18,8.33,FALSE,FALSE,Within Range
tone_pos,The Front Bottoms,0,-1.8249999999999997,8.375,15.53,FALSE,FALSE,Within Range
tone_neg,All Get Out,0,-2.1337500000000005,6.276250000000001,6.34,FALSE,FALSE,Within Range
tone_neg,Manchester Orchestra,0,-1.875,5.445,5.34,FALSE,FALSE,Within Range
tone_neg,The Front Bottoms,0,-1.465,5.135,10.38,FALSE,FALSE,Within Range
emotion,All Get Out,0,-1.7887499999999996,5.88125,7.35,FALSE,FALSE,Within Range
emotion,Manchester Orchestra,0,-2.0150000000000006,4.665000000000001,4.93,FALSE,FALSE,Within Range
emotion,The Front Bottoms,0,-2.4000000000000004,7.040000000000001,10.06,FALSE,FALSE,Within Range
emo_pos,All Get Out,0,-1.6074999999999995,3.6124999999999994,7.35,FALSE,FALSE,Within Range
emo_pos,Manchester Orchestra,0,-1.41,2.3499999999999996,3.82,FALSE,FALSE,Within Range
emo_pos,The Front Bottoms,0,-1.5799999999999998,3.54,6.31,FALSE,FALSE,Within Range
emo_neg,All Get Out,0,-1.7737500000000002,3.73625,3.4,FALSE,FALSE,Within Range
emo_neg,Manchester Orchestra,0,-1.875,3.125,3.52,FALSE,FALSE,Within Range
emo_neg,The Front Bottoms,0,-1.6500000000000001,3.5500000000000003,9.75,FALSE,FALSE,Within Range
emo_anx,All Get Out,0,-0.23249999999999998,0.38749999999999996,1.34,FALSE,FALSE,Within Range
emo_anx,Manchester Orchestra,0,0,0,1.57,FALSE,FALSE,Within Range
emo_anx,The Front Bottoms,0,0,0,4.45,FALSE,FALSE,Within Range
emo_anger,All Get Out,0,-0.23625000000000002,0.39375000000000004,2.13,FALSE,FALSE,Within Range
emo_anger,Manchester Orchestra,0,0,0,0.93,FALSE,FALSE,Within Range
emo_anger,The Front Bottoms,0,0,0,2.88,FALSE,FALSE,Within Range
emo_sad,All Get Out,0,-0.69,1.15,1.73,FALSE,FALSE,Within Range
emo_sad,Manchester Orchestra,0,-0.43499999999999994,0.7249999999999999,2.34,FALSE,FALSE,Within Range
emo_sad,The Front Bottoms,0,-0.43499999999999994,0.7249999999999999,3.6,FALSE,FALSE,Within Range
swear,All Get Out,0,-0.8212500000000001,1.3687500000000004,1.97,FALSE,FALSE,Within Range
swear,Manchester Orchestra,0,0,0,1.17,FALSE,FALSE,Within Range
swear,The Front Bottoms,0,-0.44999999999999996,0.75,3.79,FALSE,FALSE,Within Range
Social,All Get Out,3.45,2.2575000000000003,26.7575,23.68,FALSE,FALSE,Within Range
Social,Manchester Orchestra,5.68,-0.28499999999999837,26.554999999999996,23.71,FALSE,FALSE,Within Range
Social,The Front Bottoms,5.74,3.5150000000000015,22.994999999999997,24.62,FALSE,FALSE,Within Range
socbehav,All Get Out,0.43,-1.8862500000000013,9.383750000000003,10.31,FALSE,FALSE,Within Range
socbehav,Manchester Orchestra,0,-1.7449999999999997,7.734999999999999,9.28,FALSE,FALSE,Within Range
socbehav,The Front Bottoms,0.39,-1.1249999999999996,9.155,10.11,FALSE,FALSE,Within Range
prosocial,All Get Out,0,-0.9187500000000001,1.53125,2.55,FALSE,FALSE,Within Range
prosocial,Manchester Orchestra,0,-0.5700000000000001,0.9500000000000001,2.88,FALSE,FALSE,Within Range
prosocial,The Front Bottoms,0,-0.78,1.3,4.52,FALSE,FALSE,Within Range
polite,All Get Out,0,0,0,3.83,FALSE,FALSE,Within Range
polite,Manchester Orchestra,0,0,0,2.02,FALSE,FALSE,Within Range
polite,The Front Bottoms,0,0,0,2.13,FALSE,FALSE,Within Range
conflict,All Get Out,0,-0.52125,0.8687499999999999,1.9,FALSE,FALSE,Within Range
conflict,Manchester Orchestra,0,-0.39,0.65,1.54,FALSE,FALSE,Within Range
conflict,The Front Bottoms,0,-0.33,0.55,1.46,FALSE,FALSE,Within Range
moral,All Get Out,0,-0.8812500000000001,1.46875,3.52,FALSE,FALSE,Within Range
moral,Manchester Orchestra,0,-0.78,1.3,3.05,FALSE,FALSE,Within Range
moral,The Front Bottoms,0,-0.75,1.25,2.47,FALSE,FALSE,Within Range
comm,All Get Out,0,-1.2812499999999996,3.968749999999999,4.21,FALSE,FALSE,Within Range
comm,Manchester Orchestra,0,-1.7249999999999996,4.635,5.15,FALSE,FALSE,Within Range
comm,The Front Bottoms,0,-1.605,4.835,4.66,FALSE,FALSE,Within Range
socrefs,All Get Out,1.38,0.13624999999999599,18.726250000000004,18.8,FALSE,FALSE,Within Range
socrefs,Manchester Orchestra,2.33,-0.8850000000000007,19.075,17.74,FALSE,FALSE,Within Range
socrefs,The Front Bottoms,2.02,-1.3349999999999982,19.505,17.63,FALSE,FALSE,Within Range
family,All Get Out,0,-0.645,1.075,5.45,FALSE,FALSE,Within Range
family,Manchester Orchestra,0,-0.915,1.525,3.02,FALSE,FALSE,Within Range
family,The Front Bottoms,0,-0.44999999999999996,0.75,4.75,FALSE,FALSE,Within Range
friend,All Get Out,0,-0.30000000000000004,0.5,2.55,FALSE,FALSE,Within Range
friend,Manchester Orchestra,0,0,0,2.42,FALSE,FALSE,Within Range
friend,The Front Bottoms,0,-0.495,0.825,2.69,FALSE,FALSE,Within Range
female,All Get Out,0,0,0,3.89,FALSE,FALSE,Within Range
female,Manchester Orchestra,0,-0.63,1.05,9.95,FALSE,FALSE,Within Range
female,The Front Bottoms,0,-1.71,2.8499999999999996,8.14,FALSE,FALSE,Within Range
male,All Get Out,0,-1.6575,2.7625,2.96,FALSE,FALSE,Within Range
male,Manchester Orchestra,0,-1.545,2.575,6.25,FALSE,FALSE,Within Range
male,The Front Bottoms,0,-1.1400000000000001,1.9000000000000001,7.46,FALSE,FALSE,Within Range
Culture,All Get Out,0,0,0,0.7,FALSE,FALSE,Within Range
Culture,Manchester Orchestra,0,0,0,1.55,FALSE,FALSE,Within Range
Culture,The Front Bottoms,0,-0.72,1.2,3.24,FALSE,FALSE,Within Range
politic,All Get Out,0,0,0,0.39,FALSE,FALSE,Within Range
politic,Manchester Orchestra,0,0,0,0.31,FALSE,FALSE,Within Range
politic,The Front Bottoms,0,0,0,0.32,FALSE,FALSE,Within Range
ethnicity,All Get Out,0,0,0,0,FALSE,FALSE,Within Range
ethnicity,Manchester Orchestra,0,0,0,0.79,FALSE,FALSE,Within Range
ethnicity,The Front Bottoms,0,0,0,1.06,FALSE,FALSE,Within Range
tech,All Get Out,0,0,0,0.7,FALSE,FALSE,Within Range
tech,Manchester Orchestra,0,0,0,1.04,FALSE,FALSE,Within Range
tech,The Front Bottoms,0,-0.43499999999999994,0.7249999999999999,3.24,FALSE,FALSE,Within Range
Lifestyle,All Get Out,0.34,-2.0625000000000004,6.557500000000001,6.08,FALSE,FALSE,Within Range
Lifestyle,Manchester Orchestra,0,-1.55,5.33,10.77,FALSE,FALSE,Within Range
Lifestyle,The Front Bottoms,0,-2.4699999999999998,6.7299999999999995,5.6,FALSE,FALSE,Within Range
leisure,All Get Out,0,-0.5137499999999999,0.85625,2.47,FALSE,FALSE,Within Range
leisure,Manchester Orchestra,0,-0.375,0.625,3.13,FALSE,FALSE,Within Range
leisure,The Front Bottoms,0,-1.1400000000000001,1.9000000000000001,4.05,FALSE,FALSE,Within Range
home,All Get Out,0,-1.3425,2.2375,4.59,FALSE,FALSE,Within Range
home,Manchester Orchestra,0,-1.155,1.925,2.86,FALSE,FALSE,Within Range
home,The Front Bottoms,0,-1.62,2.7,4.05,FALSE,FALSE,Within Range
work,All Get Out,0,-0.8062500000000001,1.3437500000000002,2.66,FALSE,TRUE,Outlying
work,Manchester Orchestra,0,-0.51,0.8500000000000001,2.67,FALSE,TRUE,Outlying
work,The Front Bottoms,0,-0.48,0.8,2.8,FALSE,TRUE,Outlying
money,All Get Out,0,-0.7725,1.2875,2.53,FALSE,FALSE,Within Range
money,Manchester Orchestra,0,-0.78,1.3,3.85,FALSE,FALSE,Within Range
money,The Front Bottoms,0,-0.48,0.8,2.27,FALSE,FALSE,Within Range
relig,All Get Out,0,-1.7362500000000003,3.0337500000000004,2.31,TRUE,TRUE,Out of Range
relig,Manchester Orchestra,0,-1.77,2.95,6.87,FALSE,TRUE,Outlying
relig,The Front Bottoms,0,-0.75,1.25,3.79,FALSE,TRUE,Outlying
Physical,All Get Out,0,-2.7987499999999996,8.73125,8.81,FALSE,FALSE,Within Range
Physical,Manchester Orchestra,0,-3.1550000000000002,8.485,10.34,FALSE,FALSE,Within Range
Physical,The Front Bottoms,0,-4.465,11.895,12.3,FALSE,FALSE,Within Range
health,All Get Out,0,-0.9075,1.5125,2.22,FALSE,FALSE,Within Range
health,Manchester Orchestra,0,-0.915,1.525,4.23,FALSE,FALSE,Within Range
health,The Front Bottoms,0,-1.215,2.0250000000000004,10.7,FALSE,FALSE,Within Range
illness,All Get Out,0,-0.12375,0.20625,1.11,FALSE,TRUE,Outlying
illness,Manchester Orchestra,0,0,0,2.82,FALSE,TRUE,Outlying
illness,The Front Bottoms,0,0,0,9.09,FALSE,TRUE,Outlying
wellness,All Get Out,0,0,0,0.11,FALSE,FALSE,Within Range
wellness,Manchester Orchestra,0,0,0,0,FALSE,FALSE,Within Range
wellness,The Front Bottoms,0,0,0,0.53,FALSE,FALSE,Within Range
mental,All Get Out,0,0,0,0.35,FALSE,FALSE,Within Range
mental,Manchester Orchestra,0,0,0,0.61,FALSE,FALSE,Within Range
mental,The Front Bottoms,0,0,0,3.24,FALSE,FALSE,Within Range
substances,All Get Out,0,0,0,0.58,TRUE,TRUE,Out of Range
substances,Manchester Orchestra,0,0,0,1.83,FALSE,TRUE,Outlying
substances,The Front Bottoms,0,0,0,2.59,FALSE,TRUE,Outlying
sexual,All Get Out,0,0,0,0.38,FALSE,FALSE,Within Range
sexual,Manchester Orchestra,0,0,0,0.38,FALSE,FALSE,Within Range
sexual,The Front Bottoms,0,0,0,0.66,FALSE,FALSE,Within Range
food,All Get Out,0,-0.56625,0.9437500000000001,1.71,FALSE,FALSE,Within Range
food,Manchester Orchestra,0,-0.5249999999999999,0.8749999999999999,2.61,FALSE,FALSE,Within Range
food,The Front Bottoms,0,-0.44999999999999996,0.75,5.14,FALSE,FALSE,Within Range
death,All Get Out,0,-0.99,1.65,4.72,FALSE,FALSE,Within Range
death,Manchester Orchestra,0,-0.96,1.6,2.61,FALSE,FALSE,Within Range
death,The Front Bottoms,0,-0.36,0.6,3.79,FALSE,FALSE,Within Range
need,All Get Out,0,-0.81,1.35,4,FALSE,FALSE,Within Range
need,Manchester Orchestra,0,-1.17,1.95,3.96,FALSE,FALSE,Within Range
need,The Front Bottoms,0,-1.335,2.225,5.58,FALSE,FALSE,Within Range
want,All Get Out,0,-1.7324999999999997,2.8874999999999993,6.62,FALSE,FALSE,Within Range
want,Manchester Orchestra,0,-1.9500000000000002,3.25,11.67,FALSE,FALSE,Within Range
want,The Front Bottoms,0,-1.29,2.15,3.05,FALSE,FALSE,Within Range
acquire,All Get Out,0,-2.17875,3.6312499999999996,6.11,FALSE,FALSE,Within Range
acquire,Manchester Orchestra,0,-1.845,3.075,3.43,FALSE,FALSE,Within Range
acquire,The Front Bottoms,0,-1.55,3.49,6.49,FALSE,FALSE,Within Range
lack,All Get Out,0,-0.5962500000000002,0.9937500000000002,2.06,FALSE,FALSE,Within Range
lack,Manchester Orchestra,0,0,0,2.82,FALSE,FALSE,Within Range
lack,The Front Bottoms,0,0,0,4.29,FALSE,FALSE,Within Range
fulfill,All Get Out,0,-0.2925,0.4875,1.27,FALSE,FALSE,Within Range
fulfill,Manchester Orchestra,0,0,0,1.17,FALSE,FALSE,Within Range
fulfill,The Front Bottoms,0,0,0,3.04,FALSE,FALSE,Within Range
fatigue,All Get Out,0,0,0,0.92,FALSE,FALSE,Within Range
fatigue,Manchester Orchestra,0,0,0,2.68,FALSE,FALSE,Within Range
fatigue,The Front Bottoms,0,0,0,3.78,FALSE,FALSE,Within Range
reward,All Get Out,0,0,0,0.67,FALSE,FALSE,Within Range
reward,Manchester Orchestra,0,0,0,2.96,FALSE,FALSE,Within Range
reward,The Front Bottoms,0,0,0,0.41,FALSE,FALSE,Within Range
risk,All Get Out,0,-0.5025000000000001,0.8375000000000001,1.01,FALSE,FALSE,Within Range
risk,Manchester Orchestra,0,-0.5700000000000001,0.9500000000000001,2.45,FALSE,FALSE,Within Range
risk,The Front Bottoms,0,-0.5549999999999999,0.9249999999999999,2,FALSE,FALSE,Within Range
curiosity,All Get Out,0,0,0,1.79,TRUE,TRUE,Out of Range
curiosity,Manchester Orchestra,0,-0.81,1.35,3.09,FALSE,TRUE,Outlying
curiosity,The Front Bottoms,0,0,0,1.07,TRUE,TRUE,Out of Range
allure,All Get Out,1.47,0.25250000000000217,20.612499999999997,22.91,FALSE,FALSE,Within Range
allure,Manchester Orchestra,2.84,-0.7399999999999993,17.740000000000002,17.01,FALSE,FALSE,Within Range
allure,The Front Bottoms,2.02,-1.3850000000000007,20.015,18.34,FALSE,FALSE,Within Range
Perception,All Get Out,4.67,4.136249999999998,18.90625,20.89,TRUE,TRUE,Out of Range
Perception,Manchester Orchestra,0,-1.0550000000000015,23.865000000000002,28.37,FALSE,FALSE,Within Range
Perception,The Front Bottoms,4.27,3.740000000000003,19.659999999999997,22.56,TRUE,TRUE,Out of Range
attention,All Get Out,0,-0.795,1.3250000000000002,1.48,FALSE,FALSE,Within Range
attention,Manchester Orchestra,0,-1.2449999999999999,2.0749999999999997,1.95,FALSE,FALSE,Within Range
attention,The Front Bottoms,0,-0.765,1.275,2.59,FALSE,FALSE,Within Range
motion,All Get Out,0,-1.1387499999999995,5.891249999999999,8.18,FALSE,FALSE,Within Range
motion,Manchester Orchestra,0,-2.0300000000000002,6.29,12.06,FALSE,FALSE,Within Range
motion,The Front Bottoms,0,-0.09499999999999997,3.785,8.37,FALSE,FALSE,Within Range
space,All Get Out,1.34,0.8487500000000017,13.498749999999998,15.14,FALSE,FALSE,Within Range
space,Manchester Orchestra,0,-2.259999999999999,15.019999999999998,18.46,FALSE,FALSE,Within Range
space,The Front Bottoms,1.06,-1.1400000000000015,15.580000000000002,15.9,FALSE,FALSE,Within Range
visual,All Get Out,0,-0.8612500000000003,2.9087500000000004,2.77,FALSE,FALSE,Within Range
visual,Manchester Orchestra,0,-2.2099999999999995,5.069999999999999,4.76,FALSE,FALSE,Within Range
visual,The Front Bottoms,0,-1.55,3.49,4.45,FALSE,FALSE,Within Range
auditory,All Get Out,0,-0.65625,1.09375,2.8,FALSE,FALSE,Within Range
auditory,Manchester Orchestra,0,-1.17,1.95,3.51,FALSE,FALSE,Within Range
auditory,The Front Bottoms,0,-0.8699999999999999,1.4499999999999997,5.23,FALSE,FALSE,Within Range
feeling,All Get Out,0,-1.0487499999999996,2.8212499999999996,3.53,FALSE,FALSE,Within Range
feeling,Manchester Orchestra,0,-1.305,2.175,4.14,FALSE,FALSE,Within Range
feeling,The Front Bottoms,0,-1.59,3.29,8.49,FALSE,FALSE,Within Range
time,All Get Out,1.69,-1.38125,10.92875,17.27,TRUE,FALSE,Out of Range
time,Manchester Orchestra,0.69,-1.0549999999999993,9.465,9.96,FALSE,FALSE,Within Range
time,The Front Bottoms,0.39,0.11499999999999932,9.035,12.95,FALSE,FALSE,Within Range
focuspast,All Get Out,0,-2.7812500000000004,9.86875,9.38,FALSE,FALSE,Within Range
focuspast,Manchester Orchestra,1.03,-2.835000000000001,12.965,15.6,FALSE,FALSE,Within Range
focuspast,The Front Bottoms,0.52,-3.330000000000001,8.91,10.63,FALSE,FALSE,Within Range
focuspresent,All Get Out,1.47,0.36874999999999947,15.49875,18.56,FALSE,FALSE,Within Range
focuspresent,Manchester Orchestra,0.77,-2.3350000000000017,16.025000000000002,21.09,FALSE,FALSE,Within Range
focuspresent,The Front Bottoms,0.79,-2.37,17.79,15.43,FALSE,FALSE,Within Range
focusfuture,All Get Out,0,-1.7437500000000001,4.76625,7.35,FALSE,FALSE,Within Range
focusfuture,Manchester Orchestra,0,-2.16,6.32,8.05,FALSE,FALSE,Within Range
focusfuture,The Front Bottoms,0,-2.7349999999999994,7.545,10.93,FALSE,FALSE,Within Range
Conversation,All Get Out,0,-2.1262499999999998,3.5437499999999997,12.04,FALSE,FALSE,Within Range
Conversation,Manchester Orchestra,0,-1.47,2.45,25,FALSE,FALSE,Within Range
Conversation,The Front Bottoms,0,-2.285,5.195,19.76,FALSE,FALSE,Within Range
netspeak,All Get Out,0,-0.56625,0.9437500000000001,3.27,FALSE,FALSE,Within Range
netspeak,Manchester Orchestra,0,0,0,2.97,FALSE,FALSE,Within Range
netspeak,The Front Bottoms,0,-1.59,2.6500000000000004,7.91,FALSE,FALSE,Within Range
assent,All Get Out,0,-0.5025000000000001,0.8375000000000001,3.69,FALSE,FALSE,Within Range
assent,Manchester Orchestra,0,0,0,18.27,FALSE,FALSE,Within Range
assent,The Front Bottoms,0,-0.8999999999999999,1.5,9.68,FALSE,FALSE,Within Range
nonflu,All Get Out,0,-0.42750000000000005,0.7125000000000001,4.44,FALSE,FALSE,Within Range
nonflu,Manchester Orchestra,0,-0.44999999999999996,0.75,6.73,FALSE,FALSE,Within Range
nonflu,The Front Bottoms,0,-0.51,0.8500000000000001,9.68,FALSE,FALSE,Within Range
filler,All Get Out,0,0,0,10.46,FALSE,FALSE,Within Range
filler,Manchester Orchestra,0,0,0,0.78,FALSE,FALSE,Within Range
filler,The Front Bottoms,0,0,0,0.74,FALSE,FALSE,Within Range
AllPunc,All Get Out,4.14,0.6137500000000049,22.103749999999994,36.45,FALSE,FALSE,Within Range
AllPunc,Manchester Orchestra,3.09,-3.740000000000001,27.060000000000002,32.69,FALSE,FALSE,Within Range
AllPunc,The Front Bottoms,7.57,5.865000000000002,21.744999999999997,25.85,FALSE,FALSE,Within Range
Period,All Get Out,0,0,0,5.45,FALSE,FALSE,Within Range
Period,Manchester Orchestra,0,0,0,3.41,FALSE,FALSE,Within Range
Period,The Front Bottoms,0,0,0,5.05,FALSE,FALSE,Within Range
Comma,All Get Out,0,-3.3512500000000003,9.67875,13.47,FALSE,FALSE,Within Range
Comma,Manchester Orchestra,0,-4.014999999999999,11.305,13.18,FALSE,FALSE,Within Range
Comma,The Front Bottoms,0,-0.14500000000000046,9.815000000000001,13.64,FALSE,FALSE,Within Range
QMark,All Get Out,0,-0.7575000000000001,1.2625000000000002,5.81,FALSE,FALSE,Within Range
QMark,Manchester Orchestra,0,-1.17,1.95,3.82,FALSE,FALSE,Within Range
QMark,The Front Bottoms,0,-1.215,2.0250000000000004,7.87,FALSE,FALSE,Within Range
Exclam,All Get Out,0,0,0,4.69,FALSE,FALSE,Within Range
Exclam,Manchester Orchestra,0,0,0,0.54,FALSE,FALSE,Within Range
Exclam,The Front Bottoms,0,0,0,2.28,FALSE,FALSE,Within Range
Apostro,All Get Out,1.47,-0.7387499999999996,13.451249999999998,17.79,FALSE,FALSE,Within Range
Apostro,Manchester Orchestra,2.07,-2.5199999999999987,15.399999999999999,18.27,FALSE,FALSE,Within Range
Apostro,The Front Bottoms,0.35,-1.6599999999999984,13.619999999999997,11.01,FALSE,FALSE,Within Range
OtherP,All Get Out,0,-1.5,2.5,14.42,FALSE,TRUE,Outlying
OtherP,Manchester Orchestra,0,-1.6350000000000002,2.7250000000000005,7.69,FALSE,TRUE,Outlying
OtherP,The Front Bottoms,0,-3.485,7.195,12.5,FALSE,FALSE,Within Range
Emoji,All Get Out,0,0,0,0,FALSE,FALSE,Within Range
Emoji,Manchester Orchestra,0,0,0,0,FALSE,FALSE,Within Range
Emoji,The Front Bottoms,0,0,0,0,FALSE,FALSE,Within Range
positivewords,All Get Out,2,-1.5,18.5,58,FALSE,TRUE,Outlying
positivewords,Manchester Orchestra,0,-3,13,27,FALSE,TRUE,Outlying
positivewords,The Front Bottoms,1,-14.5,37.5,34,FALSE,FALSE,Within Range
negativewords,All Get Out,0,-11.625,35.375,45,FALSE,FALSE,Within Range
negativewords,Manchester Orchestra,0,-6.5,21.5,20,FALSE,FALSE,Within Range
negativewords,The Front Bottoms,2,-5,27,36,FALSE,FALSE,Within Range
